{"loss": [1.4688963890075684, 0.48486238718032837, 0.2870085537433624, 0.19784486293792725, 0.1431247740983963, 0.11882719397544861, 0.09113959223031998, 0.0834626778960228, 0.06583907455205917, 0.06324499845504761, 0.054575592279434204, 0.05018860101699829, 0.0450180247426033, 0.0423334538936615, 0.03671640530228615, 0.038173459470272064, 0.03304968774318695, 0.031192222610116005, 0.028722437098622322, 0.03133209049701691, 0.026793265715241432, 0.031140713021159172, 0.025629661977291107, 0.022933095693588257, 0.02673434093594551], "accuracy": [0.571625292301178, 0.8464290499687195, 0.907031238079071, 0.935820460319519, 0.9528412818908691, 0.9605780839920044, 0.9698337912559509, 0.9721618890762329, 0.9788623452186584, 0.9793307781219482, 0.9829933643341064, 0.9838308691978455, 0.9860028624534607, 0.9863577485084534, 0.9879193305969238, 0.9880896806716919, 0.9894524812698364, 0.9901764392852783, 0.9913263320922852, 0.9903609752655029, 0.9916954040527344, 0.9906449317932129, 0.9919367432594299, 0.9927316904067993, 0.9919367432594299], "val_loss": [0.6092301607131958, 0.38558703660964966, 0.31020277738571167, 0.1846403181552887, 0.18394659459590912, 0.13284771144390106, 0.16102632880210876, 0.18547992408275604, 0.12151136249303818, 0.1265883594751358, 0.18075522780418396, 0.12513066828250885, 0.12287043780088425, 0.08638755232095718, 0.15180404484272003, 0.0900147408246994, 0.09786107391119003, 0.12579843401908875, 0.1245364099740982, 0.10937919467687607, 0.13077698647975922, 0.19091621041297913, 0.1107916384935379, 0.10830934345722198, 0.13990481197834015], "val_accuracy": [0.8082736730575562, 0.8778270483016968, 0.8983407020568848, 0.9405614137649536, 0.9430617094039917, 0.9571542143821716, 0.9516990780830383, 0.9460166096687317, 0.9656779170036316, 0.9634049534797668, 0.9493124485015869, 0.9657915830612183, 0.965507447719574, 0.974883496761322, 0.9610183238983154, 0.9764745831489563, 0.9731219410896301, 0.9694851636886597, 0.9665871262550354, 0.9738606810569763, 0.9686896204948425, 0.9532901644706726, 0.9731219410896301, 0.9726673364639282, 0.9649391770362854]}